doc_id,title,language,published,source,url
statfin_cmfxzvr0kgj1k07w3ya6x3vac,Number of job vacancies in the second quarter of 2026 almost unchanged from one year earlier,en,,statfin,https://stat.fi/en/publication/cmfxzvr0kgj1k07w3ya6x3vac
statfin_cmfxzoyr4gknl07utaizfva9c,Fewer job vacancies in the first quarter of 2026 than one year earlier,en,,statfin,https://stat.fi/en/publication/cmfxzoyr4gknl07utaizfva9c
statfin_cmfxzk126ghiz07utgwlf7ipu,Fewer job vacancies in 2025 than one year earlier,en,,statfin,https://stat.fi/en/publication/cmfxzk126ghiz07utgwlf7ipu
keha_2025090193452,Employment Bulletin May 2025,en,2025-06-25,keha,https://urn.fi/URN:NBN:fi-fe2025090193452
keha_2025090193440,Työllisyyskatsaus maaliskuu 2025,fi,2025-04-24,keha,https://urn.fi/URN:NBN:fi-fe2025090193440
keha_2025090995063,Employment Bulletin February 2025,en,2025-03-25,keha,https://urn.fi/URN:NBN:fi-fe2025090995063
keha_2026061569516,Employment Bulletin May 2026 ﻿,en,2026-06-24,keha,https://urn.fi/URN:NBN:fi-fe2026061569516
keha_2026032322451,Employment Bulletin February 2026 ﻿,,2026-03-24,keha,https://urn.fi/URN:NBN:fi-fe2026032322451
keha_2025090193453,Työllisyyskatsaus kesäkuu 2025,fi,2025-07-22,keha,https://urn.fi/URN:NBN:fi-fe2025090193453
keha_2025090193442,Employment Bulletin March 2025,,2025-04-24,keha,https://urn.fi/URN:NBN:fi-fe2025090193442
keha_202601238376,Employment Bulletin December 2025 ﻿ ﻿,en,2026-01-27,keha,https://urn.fi/URN:NBN:fi-fe202601238376
keha_2025090193448,Employment Bulletin April 2025,en,2025-05-22,keha,https://urn.fi/URN:NBN:fi-fe2025090193448
keha_2026041728649,Employment Bulletin March 2026 ﻿,en,2026-04-22,keha,https://urn.fi/URN:NBN:fi-fe2026041728649
keha_2025090193456,Työllisyyskatsaus heinäkuu 2025,fi,2025-08-26,keha,https://urn.fi/URN:NBN:fi-fe2025090193456
keha_2026052553099,Työllisyyskatsaus huhtikuu 2026 ﻿ ﻿ ﻿,fi,2026-05-27,keha,https://urn.fi/URN:NBN:fi-fe2026052553099
keha_2026041728645,Työllisyyskatsaus maaliskuu 2026 ﻿ ﻿,fi,2026-04-22,keha,https://urn.fi/URN:NBN:fi-fe2026041728645
keha_20260914125609,Employment Bulletin August 2026,,2026-09-22,keha,https://urn.fi/URN:NBN:fi-fe20260914125609
keha_2025092397515,Employment Bulletin August 2025,en,2025-09-23,keha,https://urn.fi/URN:NBN:fi-fe2025092397515
keha_2025090193444,Työllisyyskatsaus huhtikuu 2025,fi,2025-05-22,keha,https://urn.fi/URN:NBN:fi-fe2025090193444
keha_20260821118810,Employment Bulletin July 2026,en,2026-08-25,keha,https://urn.fi/URN:NBN:fi-fe20260821118810
keha_2025092397513,Työllisyyskatsaus elokuu 2025,fi,2025-09-23,keha,https://urn.fi/URN:NBN:fi-fe2025092397513
keha_20251021102406,Työllisyyskatsaus syyskuu 2025,fi,2025-10-21,keha,https://urn.fi/URN:NBN:fi-fe20251021102406
keha_2025090193450,Työllisyyskatsaus toukokuu 2025,fi,2025-06-25,keha,https://urn.fi/URN:NBN:fi-fe2025090193450
keha_20251121110078,Employment Bulletin October 2025,en,2025-11-25,keha,https://urn.fi/URN:NBN:fi-fe20251121110078
keha_2026052553107,Employment Bulletin April 2026 ﻿,en,2025-05-27,keha,https://urn.fi/URN:NBN:fi-fe2026052553107
keha_20260720111722,Employment Bulletin June 2026 ﻿,en,2026-07-21,keha,https://urn.fi/URN:NBN:fi-fe20260720111722
keha_20260720111719,Työllisyyskatsaus kesäkuu 2026,,2026-07-21,keha,https://urn.fi/URN:NBN:fi-fe20260720111719
keha_2026022014899,Employment Bulletin January 2026,,2026-02-24,keha,https://urn.fi/URN:NBN:fi-fe2026022014899
keha_2025090193455,Employment Bulletin June 2025,en,2025-07-22,keha,https://urn.fi/URN:NBN:fi-fe2025090193455
keha_202601238373,Työllisyyskatsaus joulukuu 2025 ﻿ ﻿,fi,2025-01-27,keha,https://urn.fi/URN:NBN:fi-fe202601238373
keha_20260821118808,Työllisyyskatsaus heinäkuu 2026,fi,2026-08-25,keha,https://urn.fi/URN:NBN:fi-fe20260821118808
keha_20260914125607,Työllisyyskatsaus elokuu 2026,fi,2026-09-22,keha,https://urn.fi/URN:NBN:fi-fe20260914125607
keha_20251121109948,Työllisyyskatsaus lokakuu 2025 ﻿,fi,2025-11-25,keha,https://urn.fi/URN:NBN:fi-fe20251121109948
keha_2026032322449,Työllisyyskatsaus helmikuu 2026 ﻿ ﻿ ﻿,,2026-03-24,keha,https://urn.fi/URN:NBN:fi-fe2026032322449
keha_2025090994983,Työllisyyskatsaus helmikuu 2025,fi,2025-03-25,keha,https://urn.fi/URN:NBN:fi-fe2025090994983
keha_2025090193458,Employment Bulletin July 2025,en,2025-08-26,keha,https://urn.fi/URN:NBN:fi-fe2025090193458
keha_2026022014897,Työllisyyskatsaus tammikuu 2026 ﻿ ﻿ ﻿,fi,2026-02-24,keha,https://urn.fi/URN:NBN:fi-fe2026022014897
keha_2026061569514,Työllisyyskatsaus toukokuu 2026 ﻿ ﻿ ﻿ ﻿,fi,2026-06-24,keha,https://urn.fi/URN:NBN:fi-fe2026061569514
tem_2017_07,"Työllisyyskatsaus, heinäkuu 2017",fi,2017-07-28,tem,https://julkaisut.valtioneuvosto.fi/handle/11111/9116
tem_2017_06,"Työllisyyskatsaus, kesäkuu 2017",fi,2017-06-28,tem,https://julkaisut.valtioneuvosto.fi/handle/11111/8967
tem_2018_01,"Työllisyyskatsaus, tammikuu 2018",fi,2018-01-28,tem,https://julkaisut.valtioneuvosto.fi/handle/11111/9290
tem_2018_12,"Työllisyyskatsaus, joulukuu 2018",fi,2018-12-28,tem,https://julkaisut.valtioneuvosto.fi/handle/11111/9379
tem_2018_05,"Työllisyyskatsaus, toukokuu 2018",fi,2018-05-28,tem,https://julkaisut.valtioneuvosto.fi/handle/11111/9320
tem_2017_12,"Työllisyyskatsaus, joulukuu 2017",fi,2017-12-28,tem,https://julkaisut.valtioneuvosto.fi/handle/11111/8955
tem_2018_11,"Työllisyyskatsaus, marraskuu 2018",fi,2018-11-28,tem,https://julkaisut.valtioneuvosto.fi/handle/11111/9327
tem_2018_03,"Työllisyyskatsaus, maaliskuu 2018",fi,2018-03-28,tem,https://julkaisut.valtioneuvosto.fi/handle/11111/9257
tem_2018_04,"Työllisyyskatsaus, huhtikuu 2018",fi,2018-04-28,tem,https://julkaisut.valtioneuvosto.fi/handle/11111/9171
tem_2019_01,"Työllisyyskatsaus, tammikuu 2019",fi,2019-01-28,tem,https://julkaisut.valtioneuvosto.fi/handle/11111/9398
tem_2019_02,"Työllisyyskatsaus, helmikuu 2019",fi,2019-02-28,tem,https://julkaisut.valtioneuvosto.fi/handle/11111/9500
tem_2017_03,"Työllisyyskatsaus, maaliskuu 2017",fi,2017-03-28,tem,https://julkaisut.valtioneuvosto.fi/handle/11111/9227
tem_2018_02,"Työllisyyskatsaus, helmikuu 2018",fi,2018-02-28,tem,https://julkaisut.valtioneuvosto.fi/handle/11111/9253
tem_2018_10,"Työllisyyskatsaus, lokakuu 2018",fi,2018-10-28,tem,https://julkaisut.valtioneuvosto.fi/handle/11111/9321
tem_2017_09,"Työllisyyskatsaus, syyskuu 2017",fi,2017-09-28,tem,https://julkaisut.valtioneuvosto.fi/handle/11111/9258
tem_2017_05,"Työllisyyskatsaus, toukokuu 2017",fi,2017-05-28,tem,https://julkaisut.valtioneuvosto.fi/handle/11111/8861
tem_2017_04,"Työllisyyskatsaus, huhtikuu 2017",fi,2017-04-28,tem,https://julkaisut.valtioneuvosto.fi/handle/11111/8981
tem_2017_10,"Työllisyyskatsaus, lokakuu 2017",fi,2017-10-28,tem,https://julkaisut.valtioneuvosto.fi/handle/11111/8982
tem_2017_08,"Työllisyyskatsaus, elokuu 2017",fi,2017-08-28,tem,https://julkaisut.valtioneuvosto.fi/handle/11111/9117
tem_2019_03,"Työllisyyskatsaus, maaliskuu 2019",fi,2019-03-28,tem,https://julkaisut.valtioneuvosto.fi/handle/11111/9402
tem_2018_07,"Työllisyyskatsaus, heinäkuu 2018",fi,2018-07-28,tem,https://julkaisut.valtioneuvosto.fi/handle/11111/9289
tem_2018_08,"Työllisyyskatsaus, elokuu 2018",fi,2018-08-28,tem,https://julkaisut.valtioneuvosto.fi/handle/11111/9396
tem_2019_04,"Työllisyyskatsaus, huhtikuu 2019",fi,2019-04-28,tem,https://julkaisut.valtioneuvosto.fi/handle/11111/9452
tem_2018_06,"Työllisyyskatsaus, kesäkuu 2018",fi,2018-06-28,tem,https://julkaisut.valtioneuvosto.fi/handle/11111/9336
tem_2018_09,"Työllisyyskatsaus, syyskuu 2018",fi,2018-09-28,tem,https://julkaisut.valtioneuvosto.fi/handle/11111/9377
tem_2017_11,"Työllisyyskatsaus, marraskuu 2017",fi,2017-11-28,tem,https://julkaisut.valtioneuvosto.fi/handle/11111/8992
tem_2015_12,"Työllisyyskatsaus, joulukuu 2015",fi,2015-12-28,tem,https://julkaisut.valtioneuvosto.fi/handle/11111/8732
tem_2016_01,"Työllisyyskatsaus, tammikuu 2016",fi,2016-01-28,tem,https://julkaisut.valtioneuvosto.fi/handle/11111/8702
tem_2013_08,Työllisyyskatsaus 8/2013,fi,2013-08-28,tem,https://julkaisut.valtioneuvosto.fi/handle/11111/8100
tem_2013_07,Työllisyyskatsaus 7/2013,fi,2013-07-28,tem,https://julkaisut.valtioneuvosto.fi/handle/11111/8100
tem_2013_02,Työllisyyskatsaus 2/2013,fi,2013-02-28,tem,https://julkaisut.valtioneuvosto.fi/handle/11111/8100
tem_2013_04,Työllisyyskatsaus 4/2013,fi,2013-04-28,tem,https://julkaisut.valtioneuvosto.fi/handle/11111/8100
tem_2013_12,Työllisyyskatsaus 12/2013,fi,2013-12-28,tem,https://julkaisut.valtioneuvosto.fi/handle/11111/8100
tem_2013_06,Työllisyyskatsaus 6/2013,fi,2013-06-28,tem,https://julkaisut.valtioneuvosto.fi/handle/11111/8100
tem_2013_10,Työllisyyskatsaus 10/2013,fi,2013-10-28,tem,https://julkaisut.valtioneuvosto.fi/handle/11111/8100
tem_2013_03,Työllisyyskatsaus 3/2013,fi,2013-03-28,tem,https://julkaisut.valtioneuvosto.fi/handle/11111/8100
tem_2013_11,Työllisyyskatsaus 11/2013,fi,2013-11-28,tem,https://julkaisut.valtioneuvosto.fi/handle/11111/8100
tem_2013_09,Työllisyyskatsaus 9/2013,fi,2013-09-28,tem,https://julkaisut.valtioneuvosto.fi/handle/11111/8100
tem_2013_01,Työllisyyskatsaus 1/2013,fi,2013-01-28,tem,https://julkaisut.valtioneuvosto.fi/handle/11111/8100
tem_2013_05,Työllisyyskatsaus 5/2013,fi,2013-05-28,tem,https://julkaisut.valtioneuvosto.fi/handle/11111/8100
tem_2015_08,Työllisyyskatsaus 8/2015,fi,2015-08-28,tem,https://julkaisut.valtioneuvosto.fi/handle/11111/8111
tem_2015_02,Työllisyyskatsaus 2/2015,fi,2015-02-28,tem,https://julkaisut.valtioneuvosto.fi/handle/11111/8111
tem_2015_04,Työllisyyskatsaus 4/2015,fi,2015-04-28,tem,https://julkaisut.valtioneuvosto.fi/handle/11111/8111
tem_2015_10,Työllisyyskatsaus 10/2015,fi,2015-10-28,tem,https://julkaisut.valtioneuvosto.fi/handle/11111/8111
tem_2015_03,Työllisyyskatsaus 3/2015,fi,2015-03-28,tem,https://julkaisut.valtioneuvosto.fi/handle/11111/8111
tem_2015_11,Työllisyyskatsaus 11/2015,fi,2015-11-28,tem,https://julkaisut.valtioneuvosto.fi/handle/11111/8111
tem_2015_09,Työllisyyskatsaus 9/2015,fi,2015-09-28,tem,https://julkaisut.valtioneuvosto.fi/handle/11111/8111
tem_2015_01,Työllisyyskatsaus 1/2015,fi,2015-01-28,tem,https://julkaisut.valtioneuvosto.fi/handle/11111/8111
tem_2015_05,Työllisyyskatsaus 5/2015,fi,2015-05-28,tem,https://julkaisut.valtioneuvosto.fi/handle/11111/8111
tem_2014_08,Työllisyyskatsaus 8/2014,fi,2014-08-28,tem,https://julkaisut.valtioneuvosto.fi/handle/11111/8110
tem_2014_07,Työllisyyskatsaus 7/2014,fi,2014-07-28,tem,https://julkaisut.valtioneuvosto.fi/handle/11111/8110
tem_2014_02,Työllisyyskatsaus 2/2014,fi,2014-02-28,tem,https://julkaisut.valtioneuvosto.fi/handle/11111/8110
tem_2014_04,Työllisyyskatsaus 4/2014,fi,2014-04-28,tem,https://julkaisut.valtioneuvosto.fi/handle/11111/8110
tem_2014_06,Työllisyyskatsaus 6/2014,fi,2014-06-28,tem,https://julkaisut.valtioneuvosto.fi/handle/11111/8110
tem_2014_03,Työllisyyskatsaus 3/2014,fi,2014-03-28,tem,https://julkaisut.valtioneuvosto.fi/handle/11111/8110
tem_2014_09,Työllisyyskatsaus 9/2014,fi,2014-09-28,tem,https://julkaisut.valtioneuvosto.fi/handle/11111/8110
tem_2014_01,Työllisyyskatsaus 1/2014,fi,2014-01-28,tem,https://julkaisut.valtioneuvosto.fi/handle/11111/8110
tem_2014_12,Työllisyyskatsaus 12/2014,fi,2014-12-28,tem,https://julkaisut.valtioneuvosto.fi/handle/11111/8110
tem_2014_10,Työllisyyskatsaus 10/2014,fi,2014-10-28,tem,https://julkaisut.valtioneuvosto.fi/handle/11111/8110
tem_2014_11,Työllisyyskatsaus 11/2014,fi,2014-11-28,tem,https://julkaisut.valtioneuvosto.fi/handle/11111/8110
tem_2014_05,Työllisyyskatsaus 5/2014,fi,2014-05-28,tem,https://julkaisut.valtioneuvosto.fi/handle/11111/8110
tem_2019_07,"Työllisyyskatsaus, heinäkuu 2019",fi,2019-07-28,tem,https://julkaisut.valtioneuvosto.fi/handle/11111/8844
tem_2020_01,"Työllisyyskatsaus, tammikuu 2020",fi,2020-01-28,tem,https://julkaisut.valtioneuvosto.fi/handle/11111/8766
tem_2019_12,"Työllisyyskatsaus, joulukuu 2019",fi,2019-12-28,tem,https://julkaisut.valtioneuvosto.fi/handle/11111/9110
tem_2019_09,"Työllisyyskatsaus, syyskuu 2019",fi,2019-09-28,tem,https://julkaisut.valtioneuvosto.fi/handle/11111/8727
tem_2019_10,"Työllisyyskatsaus, lokakuu 2019",fi,2019-10-28,tem,https://julkaisut.valtioneuvosto.fi/handle/11111/8875
tem_2019_08,"Työllisyyskatsaus, elokuu 2019",fi,2019-08-28,tem,https://julkaisut.valtioneuvosto.fi/handle/11111/8969
tem_2019_06,"Työllisyyskatsaus, kesäkuu 2019",fi,2019-06-28,tem,https://julkaisut.valtioneuvosto.fi/handle/11111/9408
tem_2019_05,"Työllisyyskatsaus, toukokuu 2019",fi,2019-05-28,tem,https://julkaisut.valtioneuvosto.fi/handle/11111/9454
tem_2019_11,"Työllisyyskatsaus, marraskuu 2019",fi,2019-11-28,tem,https://julkaisut.valtioneuvosto.fi/handle/11111/9025
tem_2016_05,"Työllisyyskatsaus, toukokuu 2016",fi,2016-05-28,tem,https://julkaisut.valtioneuvosto.fi/handle/11111/8664
tem_2016_08,"Työllisyyskatsaus, elokuu 2016",fi,2016-08-28,tem,https://julkaisut.valtioneuvosto.fi/handle/11111/8911
tem_2016_07,"Työllisyyskatsaus, heinäkuu 2016",fi,2016-07-28,tem,https://julkaisut.valtioneuvosto.fi/handle/11111/8930
tem_2016_06,"Työllisyyskatsaus, kesäkuu 2016",fi,2016-06-28,tem,https://julkaisut.valtioneuvosto.fi/handle/11111/8719
tem_2016_02,"Työllisyyskatsaus, helmikuu 2016",fi,2016-02-28,tem,https://julkaisut.valtioneuvosto.fi/handle/11111/8696
tem_2017_02,"Työllisyyskatsaus, helmikuu 2017",fi,2017-02-28,tem,https://julkaisut.valtioneuvosto.fi/handle/11111/8943
tem_2016_10,"Työllisyyskatsaus, lokakuu 2016",fi,2016-10-28,tem,https://julkaisut.valtioneuvosto.fi/handle/11111/8977
tem_2016_11,"Työllisyyskatsaus, marraskuu 2016",fi,2016-11-28,tem,https://julkaisut.valtioneuvosto.fi/handle/11111/8864
tem_2016_09,"Työllisyyskatsaus, syyskuu 2016",fi,2016-09-28,tem,https://julkaisut.valtioneuvosto.fi/handle/11111/8771
tem_2017_01,"Työllisyyskatsaus, tammikuu 2017",fi,2017-01-28,tem,https://julkaisut.valtioneuvosto.fi/handle/11111/8699
tem_2016_12,"Työllisyyskatsaus, joulukuu 2016",fi,2016-12-28,tem,https://julkaisut.valtioneuvosto.fi/handle/11111/8650
tem_2016_03,"Työllisyyskatsaus, maaliskuu 2016",fi,2016-03-28,tem,https://julkaisut.valtioneuvosto.fi/handle/11111/8663
tem_2016_04,"Työllisyyskatsaus, huhtikuu 2016",fi,2016-04-28,tem,https://julkaisut.valtioneuvosto.fi/handle/11111/8773
tem_2022_05,"Työllisyyskatsaus, toukokuu 2022",fi,2022-05-28,tem,https://julkaisut.valtioneuvosto.fi/handle/11111/8000
tem_2022_03,"Työllisyyskatsaus, maaliskuu 2022",fi,2022-03-28,tem,https://julkaisut.valtioneuvosto.fi/handle/11111/8213
tem_2020_12,"Työllisyyskatsaus, joulukuu 2020",fi,2020-12-28,tem,https://julkaisut.valtioneuvosto.fi/handle/11111/7987
tem_2022_01,"Työllisyyskatsaus, tammikuu 2022",fi,2022-01-28,tem,https://julkaisut.valtioneuvosto.fi/handle/11111/8189
tem_2021_08,"Työllisyyskatsaus, elokuu 2021",fi,2021-08-28,tem,https://julkaisut.valtioneuvosto.fi/handle/11111/8106
tem_2021_01,"Työllisyyskatsaus, tammikuu 2021",fi,2021-01-28,tem,https://julkaisut.valtioneuvosto.fi/handle/11111/8025
tem_2022_07,"Työllisyyskatsaus, heinäkuu 2022",fi,2022-07-28,tem,https://julkaisut.valtioneuvosto.fi/handle/11111/8001
tem_2020_04,"Työllisyyskatsaus, huhtikuu 2020",fi,2020-04-28,tem,https://julkaisut.valtioneuvosto.fi/handle/11111/9124
tem_2022_04,"Työllisyyskatsaus, huhtikuu 2022",fi,2022-04-28,tem,https://julkaisut.valtioneuvosto.fi/handle/11111/8239
tem_2020_09,"Työllisyyskatsaus, syyskuu 2020",fi,2020-09-28,tem,https://julkaisut.valtioneuvosto.fi/handle/11111/9508
tem_2020_11,"Työllisyyskatsaus, marraskuu 2020",fi,2020-11-28,tem,https://julkaisut.valtioneuvosto.fi/handle/11111/8968
tem_2022_11,"Työllisyyskatsaus, marraskuu 2022",fi,2022-11-28,tem,https://julkaisut.valtioneuvosto.fi/handle/11111/8353
tem_2022_02,"Työllisyyskatsaus, helmikuu 2022",fi,2022-02-28,tem,https://julkaisut.valtioneuvosto.fi/handle/11111/8188
tem_2022_10,"Työllisyyskatsaus, lokakuu 2022",fi,2022-10-28,tem,https://julkaisut.valtioneuvosto.fi/handle/11111/8316
tem_2021_07,"Työllisyyskatsaus, heinäkuu 2021",fi,2021-07-28,tem,https://julkaisut.valtioneuvosto.fi/handle/11111/8066
tem_2020_07,"Työllisyyskatsaus, heinäkuu 2020",fi,2020-07-28,tem,https://julkaisut.valtioneuvosto.fi/handle/11111/9548
tem_2024_09,"Työllisyyskatsaus, syyskuu 2024",fi,2024-09-28,tem,https://julkaisut.valtioneuvosto.fi/handle/11111/8465
tem_2020_10,"Työllisyyskatsaus, lokakuu 2020",fi,2020-10-28,tem,https://julkaisut.valtioneuvosto.fi/handle/11111/8929
tem_2021_05,"Työllisyyskatsaus, toukokuu 2021",fi,2021-05-28,tem,https://julkaisut.valtioneuvosto.fi/handle/11111/8572
tem_2020_08,"Työllisyyskatsaus, elokuu 2020",fi,2020-08-28,tem,https://julkaisut.valtioneuvosto.fi/handle/11111/9405
tem_2022_09,"Työllisyyskatsaus, syyskuu 2022",fi,2022-09-28,tem,https://julkaisut.valtioneuvosto.fi/handle/11111/8049
tem_2020_02,"Työllisyyskatsaus, helmikuu 2020",fi,2020-02-28,tem,https://julkaisut.valtioneuvosto.fi/handle/11111/9161
tem_2021_11,"Työllisyyskatsaus, marraskuu 2021",fi,2021-11-28,tem,https://julkaisut.valtioneuvosto.fi/handle/11111/7918
tem_2021_03,"Työllisyyskatsaus, maaliskuu 2021",fi,2021-03-28,tem,https://julkaisut.valtioneuvosto.fi/handle/11111/8108
tem_2021_09,"Työllisyyskatsaus, syyskuu 2021",fi,2021-09-28,tem,https://julkaisut.valtioneuvosto.fi/handle/11111/8384
tem_2020_03,"Työllisyyskatsaus, maaliskuu 2020",fi,2020-03-28,tem,https://julkaisut.valtioneuvosto.fi/handle/11111/8654
tem_2021_10,"Työllisyyskatsaus, lokakuu 2021",fi,2021-10-28,tem,https://julkaisut.valtioneuvosto.fi/handle/11111/8118
tem_2020_05,"Työllisyyskatsaus, toukokuu 2020",fi,2020-05-28,tem,https://julkaisut.valtioneuvosto.fi/handle/11111/8676
tem_2022_06,"Työllisyyskatsaus, kesäkuu 2022",fi,2022-06-28,tem,https://julkaisut.valtioneuvosto.fi/handle/11111/8264
tem_2022_08,"Työllisyyskatsaus, elokuu 2022",fi,2022-08-28,tem,https://julkaisut.valtioneuvosto.fi/handle/11111/8288
tem_2020_06,"Työllisyyskatsaus, kesäkuu 2020",fi,2020-06-28,tem,https://julkaisut.valtioneuvosto.fi/handle/11111/8867
tem_2021_02,"Työllisyyskatsaus, helmikuu 2021",fi,2021-02-28,tem,https://julkaisut.valtioneuvosto.fi/handle/11111/8005
tem_2024_10,"Työllisyyskatsaus, lokakuu 2024",fi,2024-10-28,tem,https://julkaisut.valtioneuvosto.fi/handle/11111/8129
tem_2024_02,"Työllisyyskatsaus, helmikuu 2024",fi,2024-02-28,tem,https://julkaisut.valtioneuvosto.fi/handle/11111/8076
tem_2024_11,"Työllisyyskatsaus, marraskuu 2024",fi,2024-11-28,tem,https://julkaisut.valtioneuvosto.fi/handle/11111/8566
tem_2023_11,"Työllisyyskatsaus, marraskuu 2023",fi,2023-11-28,tem,https://julkaisut.valtioneuvosto.fi/handle/11111/8119
tem_2024_12,"Työllisyyskatsaus, joulukuu 2024",fi,2024-12-28,tem,https://julkaisut.valtioneuvosto.fi/handle/11111/8201
tem_2023_12,"Työllisyyskatsaus, joulukuu 2023",fi,2023-12-28,tem,https://julkaisut.valtioneuvosto.fi/handle/11111/8518
tem_2024_08,"Työllisyyskatsaus, elokuu 2024",fi,2024-08-28,tem,https://julkaisut.valtioneuvosto.fi/handle/11111/8598
tem_2024_03,"Työllisyyskatsaus, maaliskuu 2024",fi,2024-03-28,tem,https://julkaisut.valtioneuvosto.fi/handle/11111/8522
tem_2021_06,"Työllisyyskatsaus, kesäkuu 2021",fi,2021-06-28,tem,https://julkaisut.valtioneuvosto.fi/handle/11111/7992
tem_2023_03,"Työllisyyskatsaus, maaliskuu 2023",fi,2023-03-28,tem,https://julkaisut.valtioneuvosto.fi/handle/11111/8374
tem_2024_06,"Työllisyyskatsaus, kesäkuu 2024",fi,2024-06-28,tem,https://julkaisut.valtioneuvosto.fi/handle/11111/8117
tem_2024_07,"Työllisyyskatsaus, heinäkuu 2024",fi,2024-07-28,tem,https://julkaisut.valtioneuvosto.fi/handle/11111/8140
tem_2023_02,"Työllisyyskatsaus, helmikuu 2023",fi,2023-02-28,tem,https://julkaisut.valtioneuvosto.fi/handle/11111/8362
tem_2022_12,"Työllisyyskatsaus, joulukuu 2022",fi,2022-12-28,tem,https://julkaisut.valtioneuvosto.fi/handle/11111/8349
tem_2023_10,"Työllisyyskatsaus, lokakuu 2023",fi,2023-10-28,tem,https://julkaisut.valtioneuvosto.fi/handle/11111/8453
tem_2024_04,"Työllisyyskatsaus, huhtikuu 2024",fi,2024-04-28,tem,https://julkaisut.valtioneuvosto.fi/handle/11111/8493
tem_2023_09,"Työllisyyskatsaus, syyskuu 2023",fi,2023-09-28,tem,https://julkaisut.valtioneuvosto.fi/handle/11111/8575
tem_2024_01,"Työllisyyskatsaus, tammikuu 2024",fi,2024-01-28,tem,https://julkaisut.valtioneuvosto.fi/handle/11111/8541
tem_2023_01,"Työllisyyskatsaus, tammikuu 2023",fi,2023-01-28,tem,https://julkaisut.valtioneuvosto.fi/handle/11111/8385
tem_2023_04,"Työllisyyskatsaus, huhtikuu 2023",fi,2023-04-28,tem,https://julkaisut.valtioneuvosto.fi/handle/11111/8393
tem_2023_08,"Työllisyyskatsaus, elokuu 2023",fi,2023-08-28,tem,https://julkaisut.valtioneuvosto.fi/handle/11111/8075
tem_2024_05,"Työllisyyskatsaus, toukokuu 2024",fi,2024-05-28,tem,https://julkaisut.valtioneuvosto.fi/handle/11111/8511
tem_2021_12,"Työllisyyskatsaus, joulukuu 2021",fi,2021-12-28,tem,https://julkaisut.valtioneuvosto.fi/handle/11111/8164
tem_2023_07,"Työllisyyskatsaus, heinäkuu 2023",fi,2023-07-28,tem,https://julkaisut.valtioneuvosto.fi/handle/11111/8420
tem_2023_05,"Työllisyyskatsaus, toukokuu 2023",fi,2023-05-28,tem,https://julkaisut.valtioneuvosto.fi/handle/11111/8447
tem_2023_06,"Työllisyyskatsaus, kesäkuu 2023",fi,2023-06-28,tem,https://julkaisut.valtioneuvosto.fi/handle/11111/8417
tem_2021_04,"Työllisyyskatsaus, huhtikuu 2021",fi,2021-04-28,tem,https://julkaisut.valtioneuvosto.fi/handle/11111/8077
